INSERT INTO tb_bank(id, name, number, color_label, created_at, updated_at) VALUES('ca0f504b-ece0-4de7-88bd-f30ef409d94c', 'Banco do Brasil', 1, '#fdb913', '2026-05-10T14:25:47.183304200Z', '2026-05-10T14:25:47.183304200Z');
INSERT INTO tb_bank(id, name, number, color_label, created_at, updated_at) VALUES('34ad7f19-2657-468b-91f6-25d1b0573e59', 'Bradesco', 237, '#ff0000', '2026-05-10T14:25:47.183304200Z', '2026-05-10T14:25:47.183304200Z');
INSERT INTO tb_bank(id, name, number, color_label, created_at, updated_at) VALUES('418826d7-c6ec-42df-bb69-367eeb79b99d', 'Caixa Econômica Federal', 104, '#0033a0', '2026-05-10T14:25:47.183304200Z', '2026-05-10T14:25:47.183304200Z');
INSERT INTO tb_bank(id, name, number, color_label, created_at, updated_at) VALUES('adcb3cc7-5793-406a-af8f-181548029a6c', 'Itaú', 341, '#ff6600', '2026-05-10T14:25:47.183304200Z', '2026-05-10T14:25:47.183304200Z');
INSERT INTO tb_bank(id, name, number, color_label, created_at, updated_at) VALUES('83c5b2d4-e4aa-42ff-89a2-f88ce0b27dda', 'Santander', 33, '#ff0000', '2026-05-10T14:25:47.183304200Z', '2026-05-10T14:25:47.183304200Z');

INSERT INTO tb_role(id, authority) VALUES('4c4c3196-ae6b-46f8-ad68-36291ec7d75e', 'ROLE_USER');
INSERT INTO tb_role(id, authority) VALUES('fcfb0eec-d0f0-46b6-a5d1-682fa46bafbb', 'ROLE_ADMIN');

INSERT INTO tb_user(id, username, email, password, created_at, updated_at) VALUES('0e1cb9c1-c7dc-428a-8f8d-bec136ea846c', 'Mary Red', 'mary@example.com', '123456', '2026-05-10T14:25:47.183304200Z', '2026-05-10T14:25:47.183304200Z');
INSERT INTO tb_user_role(role_id, user_id) VALUES('4c4c3196-ae6b-46f8-ad68-36291ec7d75e', '0e1cb9c1-c7dc-428a-8f8d-bec136ea846c');

INSERT INTO tb_user(id, username, email, password, created_at, updated_at) VALUES('b9824977-ee36-4290-bcf6-62f8f49b838c', 'Jhon Blue', 'jhon@example.com', '123456', '2026-05-10T14:25:47.183304200Z', '2026-05-10T14:25:47.183304200Z');
INSERT INTO tb_user_role(role_id, user_id) VALUES('4c4c3196-ae6b-46f8-ad68-36291ec7d75e', 'b9824977-ee36-4290-bcf6-62f8f49b838c');

INSERT INTO tb_user(id, username, email, password, created_at, updated_at) VALUES('ba627f64-f006-4355-b467-b7f92f2d90df', 'Ted Brown', 'ted@example.com', '123456', '2026-05-10T14:25:47.183304200Z', '2026-05-10T14:25:47.183304200Z');
INSERT INTO tb_user_role(role_id, user_id) VALUES('4c4c3196-ae6b-46f8-ad68-36291ec7d75e', 'ba627f64-f006-4355-b467-b7f92f2d90df');
INSERT INTO tb_user_role(role_id, user_id) VALUES('fcfb0eec-d0f0-46b6-a5d1-682fa46bafbb', 'ba627f64-f006-4355-b467-b7f92f2d90df');

INSERT INTO tb_notification(id, subject, message, date_time, read_at, user_id, created_at, updated_at) VALUES('291415cb-9772-44c1-8054-ce00d1419de1', 'Welcome', 'Welcome to the application. We are glad having you here', '2026-05-10T11:25:47.184296400', null, '0e1cb9c1-c7dc-428a-8f8d-bec136ea846c', '2026-05-10T14:25:47.192089200Z', '2026-05-10T14:25:47.192089200Z');
INSERT INTO tb_notification(id, subject, message, date_time, read_at, user_id, created_at, updated_at) VALUES('3137aa64-7e0d-4dd4-91ee-106102804e9c', 'Welcome', 'Welcome to the application. We are glad having you here', '2026-05-10T11:25:47.184296400', null, 'b9824977-ee36-4290-bcf6-62f8f49b838c', '2026-05-10T14:25:47.192089200Z', '2026-05-10T14:25:47.192089200Z');
INSERT INTO tb_notification(id, subject, message, date_time, read_at, user_id, created_at, updated_at) VALUES('91cd33d2-cc84-4b87-9d9c-83ca5ceba083', 'Welcome', 'Welcome to the application. We are glad having you here', '2026-05-10T11:25:47.184296400', null, 'ba627f64-f006-4355-b467-b7f92f2d90df', '2026-05-10T14:25:47.193088400Z', '2026-05-10T14:25:47.193088400Z');
INSERT INTO tb_notification(id, subject, message, date_time, read_at, user_id, created_at, updated_at) VALUES('0187d069-f83e-4069-94c3-ccdf7efbf28c', 'Atention', 'You have a bill to pay until tomorrow!', '2026-05-10T11:25:47.184296400', '2026-05-10T14:25:47.184296400Z', '0e1cb9c1-c7dc-428a-8f8d-bec136ea846c', '2026-05-10T14:25:47.193088400Z', '2026-05-10T14:25:47.193088400Z');

INSERT INTO tb_account(id, name, agency_no, code, balance, account_limit, special_limit, limit_budget, cash, created_at, updated_at, user_id, bank_id) VALUES('41ddc050-d8dc-4be9-84b5-e1f4665be195', 'My Account', '0001', '123456', 5000.00, 2000.00, 500.00, 2000.00, 1000.00, '2026-05-10T14:25:47.194088500Z', '2026-05-10T14:25:47.194088500Z', '0e1cb9c1-c7dc-428a-8f8d-bec136ea846c', 'ca0f504b-ece0-4de7-88bd-f30ef409d94c');
INSERT INTO tb_account(id, name, agency_no, code, balance, account_limit, special_limit, limit_budget, cash, created_at, updated_at, user_id, bank_id) VALUES('334078cb-65f8-462e-9d99-00d3326f813a', 'My Account', '0001', '123456', 5000.00, 2000.00, 500.00, 2000.00, 1000.00, '2026-05-10T14:25:47.195088900Z', '2026-05-10T14:25:47.195088900Z', '0e1cb9c1-c7dc-428a-8f8d-bec136ea846c', '34ad7f19-2657-468b-91f6-25d1b0573e59');
INSERT INTO tb_account(id, name, agency_no, code, balance, account_limit, special_limit, limit_budget, cash, created_at, updated_at, user_id, bank_id) VALUES('1491f740-dcf5-483e-9069-95c965574901', 'My Account', '0001', '123456', 5000.00, 2000.00, 500.00, 2000.00, 1000.00, '2026-05-10T14:25:47.195088900Z', '2026-05-10T14:25:47.195088900Z', 'b9824977-ee36-4290-bcf6-62f8f49b838c', '418826d7-c6ec-42df-bb69-367eeb79b99d');

INSERT INTO tb_credit_card(id, name, number, credit_card_limit, closing_day, due_day, expiration_date, is_international, created_at, updated_at, account_id) VALUES('d3dc55ee-b44d-4212-9f87-7ea517c24cc5', 'Test Credit Card', 1234, 5000.00, 10, 20, '2030-12', true, '2026-05-10T14:25:47.196088200Z', '2026-05-10T14:25:47.196088200Z', '41ddc050-d8dc-4be9-84b5-e1f4665be195');
INSERT INTO tb_credit_card(id, name, number, credit_card_limit, closing_day, due_day, expiration_date, is_international, created_at, updated_at, account_id) VALUES('715285be-7e3c-4dbe-b734-ef38bc6687f6', 'Test Credit Card', 1234, 5000.00, 10, 20, '2030-12', true, '2026-05-10T14:25:47.198591900Z', '2026-05-10T14:25:47.198591900Z', '334078cb-65f8-462e-9d99-00d3326f813a');
INSERT INTO tb_credit_card(id, name, number, credit_card_limit, closing_day, due_day, expiration_date, is_international, created_at, updated_at, account_id) VALUES('f3da70e4-586d-40b6-976b-2682e980d36d', 'Test Credit Card', 1234, 5000.00, 10, 20, '2030-12', true, '2026-05-10T14:25:47.198591900Z', '2026-05-10T14:25:47.199594600Z', '1491f740-dcf5-483e-9069-95c965574901');

INSERT INTO tb_credit_card_bill(id, due_date, closing_date, amount, paid_date, amount_payed, status, credit_card_id, created_at, updated_at) VALUES('57d54f16-0dd8-4758-ba6f-fb4c6bdcde15', '2026-05-20', '2026-05-10', 500.00, null, 0, 'OPEN', 'd3dc55ee-b44d-4212-9f87-7ea517c24cc5', '2026-05-10T14:25:47.200594700Z', '2026-05-10T14:25:47.200594700Z');
INSERT INTO tb_credit_card_bill(id, due_date, closing_date, amount, paid_date, amount_payed, status, credit_card_id, created_at, updated_at) VALUES('0c00cdde-760e-4702-866e-321c0fdb7ba6', '2026-04-20', '2026-04-10', 500.00, '2026-04-20', 500.00, 'PAYED', '715285be-7e3c-4dbe-b734-ef38bc6687f6', '2026-05-10T14:25:47.200594700Z', '2026-05-10T14:25:47.200594700Z');
INSERT INTO tb_credit_card_bill(id, due_date, closing_date, amount, paid_date, amount_payed, status, credit_card_id, created_at, updated_at) VALUES('8c8a72d8-effa-48b6-bcd7-9b0794e90d30', '2026-05-20', '2026-05-10', 500.00, null, 0, 'OPEN', '715285be-7e3c-4dbe-b734-ef38bc6687f6', '2026-05-10T14:25:47.201595500Z', '2026-05-10T14:25:47.201595500Z');
INSERT INTO tb_credit_card_bill(id, due_date, closing_date, amount, paid_date, amount_payed, status, credit_card_id, created_at, updated_at) VALUES('93f715da-725a-4e0f-8617-31edec5a5801', '2026-05-15', '2026-05-05', 500.00, null, 0, 'CLOSED', 'f3da70e4-586d-40b6-976b-2682e980d36d', '2026-05-10T14:25:47.201595500Z', '2026-05-10T14:25:47.201595500Z');

INSERT INTO tb_transaction(id, description, amount, date, is_fixed, due_date, paid_date, in_out, number_of_installments, type, main_category, payment_method, created_at, updated_at, user_id, account_id, credit_card_bill_id) VALUES('2a7bf991-e451-4fa1-b01e-8337b5f65930', 'Description', 100.00, '2026-05-10', false, '2026-05-15', '2026-05-15', 'OUT', 1, 'EXPENSE', 'FOOD', 'DEBIT_CARD', '2026-05-10T14:25:47.202596100Z', '2026-05-10T14:25:47.202596100Z', '0e1cb9c1-c7dc-428a-8f8d-bec136ea846c', null, null);
INSERT INTO tb_transaction(id, description, amount, date, is_fixed, due_date, paid_date, in_out, number_of_installments, type, main_category, payment_method, created_at, updated_at, user_id, account_id, credit_card_bill_id) VALUES('2eaae955-083f-45cd-9c69-955f510383d6', 'Description', 100.00, '2026-05-10', false, '2026-05-20', '2026-05-20', 'OUT', 1, 'EXPENSE', 'ENTERTAINMENT', 'CREDIT_CARD', '2026-05-10T14:25:47.202596100Z', '2026-05-10T14:25:47.202596100Z', '0e1cb9c1-c7dc-428a-8f8d-bec136ea846c', null, '57d54f16-0dd8-4758-ba6f-fb4c6bdcde15');
INSERT INTO tb_transaction(id, description, amount, date, is_fixed, due_date, paid_date, in_out, number_of_installments, type, main_category, payment_method, created_at, updated_at, user_id, account_id, credit_card_bill_id) VALUES('64c9b613-fd12-4b1e-8a91-d8c7e2a638af', 'Description', 100.00, '2026-05-10', false, '2026-05-15', '2026-05-15', 'OUT', 1, 'EXPENSE', 'FOOD', 'CASH', '2026-05-10T14:25:47.203595800Z', '2026-05-10T14:25:47.203595800Z', 'b9824977-ee36-4290-bcf6-62f8f49b838c', '41ddc050-d8dc-4be9-84b5-e1f4665be195', null);

INSERT INTO tb_installment(id, description, amount, paid_day, number, due_date, created_at, updated_at, transaction_id) VALUES('9a64226b-3398-4eb6-8339-b4a342f25d90', 'Test Installment', 100.00, '2026-05-20', 1, '2026-05-15', '2026-05-10T14:25:47.204595700Z', '2026-05-10T14:25:47.204595700Z', '2eaae955-083f-45cd-9c69-955f510383d6');

-- backup created at 2026-05-10T14:25:47.207595Z --