INSERT INTO tb_bank(id, name, number, color_label, created_at, updated_at) VALUES('ab9af168-0d84-4b22-a5e5-fe432c48b03a', 'Banco do Brasil', 1, '#fdb913', '2026-05-10T21:13:19.944693600Z', '2026-05-10T21:13:19.944693600Z');
INSERT INTO tb_bank(id, name, number, color_label, created_at, updated_at) VALUES('eddd6d68-c97a-4f9d-b755-5205f321e5ce', 'Bradesco', 237, '#ff0000', '2026-05-10T21:13:19.944693600Z', '2026-05-10T21:13:19.944693600Z');
INSERT INTO tb_bank(id, name, number, color_label, created_at, updated_at) VALUES('d7e3959c-2da1-42d0-aac0-c698106430de', 'Caixa Econômica Federal', 104, '#0033a0', '2026-05-10T21:13:19.944693600Z', '2026-05-10T21:13:19.944693600Z');
INSERT INTO tb_bank(id, name, number, color_label, created_at, updated_at) VALUES('e3d73c71-ad45-482d-8b7b-7aae4a06ce04', 'Itaú', 341, '#ff6600', '2026-05-10T21:13:19.944693600Z', '2026-05-10T21:13:19.944693600Z');
INSERT INTO tb_bank(id, name, number, color_label, created_at, updated_at) VALUES('5d3d812b-9844-4286-b28c-24b2da8ef9e6', 'Santander', 33, '#ff0000', '2026-05-10T21:13:19.944693600Z', '2026-05-10T21:13:19.944693600Z');

INSERT INTO tb_role(id, authority) VALUES('897ca519-7e7f-4171-b5ea-223c5e210aca', 'ROLE_USER');
INSERT INTO tb_role(id, authority) VALUES('e269a0b4-8884-4715-a845-1048d169d7b7', 'ROLE_ADMIN');

INSERT INTO tb_user(id, username, email, password, created_at, updated_at) VALUES('13cf92b6-8b54-46c0-bce4-207b445d9bd0', 'Mary Red', 'mary@example.com', '123456', '2026-05-10T21:13:19.944693600Z', '2026-05-10T21:13:19.944693600Z');
INSERT INTO tb_user_role(role_id, user_id) VALUES('897ca519-7e7f-4171-b5ea-223c5e210aca', '13cf92b6-8b54-46c0-bce4-207b445d9bd0');

INSERT INTO tb_user(id, username, email, password, created_at, updated_at) VALUES('92ee116f-7c2d-407f-a02a-0effd648eb2f', 'Jhon Blue', 'jhon@example.com', '123456', '2026-05-10T21:13:19.944693600Z', '2026-05-10T21:13:19.944693600Z');
INSERT INTO tb_user_role(role_id, user_id) VALUES('897ca519-7e7f-4171-b5ea-223c5e210aca', '92ee116f-7c2d-407f-a02a-0effd648eb2f');

INSERT INTO tb_user(id, username, email, password, created_at, updated_at) VALUES('a048c504-3caf-4ab2-8d9f-7d0a415a7656', 'Ted Brown', 'ted@example.com', '123456', '2026-05-10T21:13:19.944693600Z', '2026-05-10T21:13:19.944693600Z');
INSERT INTO tb_user_role(role_id, user_id) VALUES('897ca519-7e7f-4171-b5ea-223c5e210aca', 'a048c504-3caf-4ab2-8d9f-7d0a415a7656');
INSERT INTO tb_user_role(role_id, user_id) VALUES('e269a0b4-8884-4715-a845-1048d169d7b7', 'a048c504-3caf-4ab2-8d9f-7d0a415a7656');

INSERT INTO tb_notification(id, subject, message, date_time, read_at, user_id, created_at, updated_at) VALUES('71c970ba-dfd3-4bd0-8492-220f555253a0', 'Welcome', 'Welcome to the application. We are glad having you here', '2026-05-10T18:13:19.944693600', null, '13cf92b6-8b54-46c0-bce4-207b445d9bd0', '2026-05-10T21:13:19.952692400Z', '2026-05-10T21:13:19.952692400Z');
INSERT INTO tb_notification(id, subject, message, date_time, read_at, user_id, created_at, updated_at) VALUES('ad2a7f0b-1c8b-4b84-b7f9-87ef99286d3a', 'Welcome', 'Welcome to the application. We are glad having you here', '2026-05-10T18:13:19.944693600', null, '92ee116f-7c2d-407f-a02a-0effd648eb2f', '2026-05-10T21:13:19.952692400Z', '2026-05-10T21:13:19.952692400Z');
INSERT INTO tb_notification(id, subject, message, date_time, read_at, user_id, created_at, updated_at) VALUES('9f69317d-eb24-4d02-8fc9-292202c7f6a2', 'Welcome', 'Welcome to the application. We are glad having you here', '2026-05-10T18:13:19.944693600', null, 'a048c504-3caf-4ab2-8d9f-7d0a415a7656', '2026-05-10T21:13:19.953735600Z', '2026-05-10T21:13:19.953735600Z');
INSERT INTO tb_notification(id, subject, message, date_time, read_at, user_id, created_at, updated_at) VALUES('08db7777-d44c-41b8-8736-c53c33788af8', 'Atention', 'You have a bill to pay until tomorrow!', '2026-05-10T18:13:19.944693600', '2026-05-10T21:13:19.944693600Z', '13cf92b6-8b54-46c0-bce4-207b445d9bd0', '2026-05-10T21:13:19.953735600Z', '2026-05-10T21:13:19.953735600Z');

INSERT INTO tb_account(id, name, agency_no, code, balance, account_limit, special_limit, limit_budget, cash, created_at, updated_at, user_id, bank_id) VALUES('e7a2c406-6f6c-4965-a3e6-a18ea65e8d6e', 'My Account', '0001', '123456', 5000.00, 2000.00, 500.00, 2000.00, 1000.00, '2026-05-10T21:13:19.954735600Z', '2026-05-10T21:13:19.954735600Z', '13cf92b6-8b54-46c0-bce4-207b445d9bd0', 'ab9af168-0d84-4b22-a5e5-fe432c48b03a');
INSERT INTO tb_account(id, name, agency_no, code, balance, account_limit, special_limit, limit_budget, cash, created_at, updated_at, user_id, bank_id) VALUES('3e6db124-d1ea-435b-992e-4a304c7b6f1c', 'My Account', '0001', '123456', 5000.00, 2000.00, 500.00, 2000.00, 1000.00, '2026-05-10T21:13:19.954735600Z', '2026-05-10T21:13:19.954735600Z', '13cf92b6-8b54-46c0-bce4-207b445d9bd0', 'eddd6d68-c97a-4f9d-b755-5205f321e5ce');
INSERT INTO tb_account(id, name, agency_no, code, balance, account_limit, special_limit, limit_budget, cash, created_at, updated_at, user_id, bank_id) VALUES('2fb19311-849b-4f58-abd0-72dfb276e486', 'My Account', '0001', '123456', 5000.00, 2000.00, 500.00, 2000.00, 1000.00, '2026-05-10T21:13:19.955735200Z', '2026-05-10T21:13:19.955735200Z', '92ee116f-7c2d-407f-a02a-0effd648eb2f', 'd7e3959c-2da1-42d0-aac0-c698106430de');

INSERT INTO tb_credit_card(id, name, number, credit_card_limit, closing_day, due_day, expiration_date, is_international, created_at, updated_at, account_id) VALUES('c66c994c-ef80-4dff-9645-f53a8f848820', 'Test Credit Card', 1234, 5000.00, 10, 20, '2030-12', true, '2026-05-10T21:13:19.956736600Z', '2026-05-10T21:13:19.956736600Z', 'e7a2c406-6f6c-4965-a3e6-a18ea65e8d6e');
INSERT INTO tb_credit_card(id, name, number, credit_card_limit, closing_day, due_day, expiration_date, is_international, created_at, updated_at, account_id) VALUES('55616436-48cd-414d-a5bb-1421b4193d98', 'Test Credit Card', 1234, 5000.00, 10, 20, '2030-12', true, '2026-05-10T21:13:19.959734900Z', '2026-05-10T21:13:19.959734900Z', '3e6db124-d1ea-435b-992e-4a304c7b6f1c');
INSERT INTO tb_credit_card(id, name, number, credit_card_limit, closing_day, due_day, expiration_date, is_international, created_at, updated_at, account_id) VALUES('1e9c0773-93f9-44ad-b347-279164ee76fd', 'Test Credit Card', 1234, 5000.00, 10, 20, '2030-12', true, '2026-05-10T21:13:19.959734900Z', '2026-05-10T21:13:19.959734900Z', '2fb19311-849b-4f58-abd0-72dfb276e486');

INSERT INTO tb_credit_card_bill(id, due_date, closing_date, amount, paid_date, amount_payed, status, credit_card_id, created_at, updated_at) VALUES('7bbe4e92-1eeb-476b-bb81-0e652eaf81af', '2026-05-20', '2026-05-10', 500.00, null, 0, 'OPEN', 'c66c994c-ef80-4dff-9645-f53a8f848820', '2026-05-10T21:13:19.961735Z', '2026-05-10T21:13:19.961735Z');
INSERT INTO tb_credit_card_bill(id, due_date, closing_date, amount, paid_date, amount_payed, status, credit_card_id, created_at, updated_at) VALUES('b9b3b93b-f745-40dc-86e4-f7b6d0bac70b', '2026-04-20', '2026-04-10', 500.00, '2026-04-20', 500.00, 'PAYED', '55616436-48cd-414d-a5bb-1421b4193d98', '2026-05-10T21:13:19.961735Z', '2026-05-10T21:13:19.961735Z');
INSERT INTO tb_credit_card_bill(id, due_date, closing_date, amount, paid_date, amount_payed, status, credit_card_id, created_at, updated_at) VALUES('8421c229-2394-4f38-aad2-c845cbc0ac5a', '2026-05-20', '2026-05-10', 500.00, null, 0, 'OPEN', '55616436-48cd-414d-a5bb-1421b4193d98', '2026-05-10T21:13:19.962735Z', '2026-05-10T21:13:19.962735Z');
INSERT INTO tb_credit_card_bill(id, due_date, closing_date, amount, paid_date, amount_payed, status, credit_card_id, created_at, updated_at) VALUES('3651c72d-06fd-496a-8f9c-3b46445e3630', '2026-05-15', '2026-05-05', 500.00, null, 0, 'CLOSED', '1e9c0773-93f9-44ad-b347-279164ee76fd', '2026-05-10T21:13:19.962735Z', '2026-05-10T21:13:19.962735Z');

INSERT INTO tb_transaction(id, description, amount, date, is_fixed, due_date, paid_date, in_out, number_of_installments, type, main_category, payment_method, created_at, updated_at, user_id, account_id, credit_card_bill_id) VALUES('2d4e58cd-2321-4117-b6c5-a8a337959770', 'Description', 100.00, '2026-05-10', false, '2026-05-15', '2026-05-15', 'OUT', 1, 'EXPENSE', 'FOOD', 'DEBIT_CARD', '2026-05-10T21:13:19.962735Z', '2026-05-10T21:13:19.962735Z', '13cf92b6-8b54-46c0-bce4-207b445d9bd0', null, null);
INSERT INTO tb_transaction(id, description, amount, date, is_fixed, due_date, paid_date, in_out, number_of_installments, type, main_category, payment_method, created_at, updated_at, user_id, account_id, credit_card_bill_id) VALUES('23fcc0c6-0b5d-4dd2-872e-243e4f511f4e', 'Description', 100.00, '2026-05-10', false, '2026-05-20', '2026-05-20', 'OUT', 1, 'EXPENSE', 'ENTERTAINMENT', 'CREDIT_CARD', '2026-05-10T21:13:19.963799400Z', '2026-05-10T21:13:19.963799400Z', '13cf92b6-8b54-46c0-bce4-207b445d9bd0', null, '7bbe4e92-1eeb-476b-bb81-0e652eaf81af');
INSERT INTO tb_transaction(id, description, amount, date, is_fixed, due_date, paid_date, in_out, number_of_installments, type, main_category, payment_method, created_at, updated_at, user_id, account_id, credit_card_bill_id) VALUES('8f4f10d6-f58a-4613-a245-b5b71a3d5e22', 'Description', 100.00, '2026-05-10', false, '2026-05-15', '2026-05-15', 'OUT', 1, 'EXPENSE', 'FOOD', 'CASH', '2026-05-10T21:13:19.964799700Z', '2026-05-10T21:13:19.964799700Z', '92ee116f-7c2d-407f-a02a-0effd648eb2f', 'e7a2c406-6f6c-4965-a3e6-a18ea65e8d6e', null);

INSERT INTO tb_installment(id, description, amount, paid_day, number, due_date, created_at, updated_at, transaction_id) VALUES('1dd7513f-2878-4218-b867-3b2415db6b06', 'Test Installment', 100.00, '2026-05-20', 1, '2026-05-15', '2026-05-10T21:13:19.965799700Z', '2026-05-10T21:13:19.965799700Z', '23fcc0c6-0b5d-4dd2-872e-243e4f511f4e');

-- backup created at 2026-05-10T21:13:19.967798600Z --