INSERT INTO tb_bank(id, name, number, color_label, created_at, updated_at) VALUES('5c16bd92-eb25-4411-98e6-f588b8e0e36c', 'Banco do Brasil', 1, '#fdb913', '2026-05-09T23:23:16.881447500Z', '2026-05-09T23:23:16.881447500Z');
INSERT INTO tb_bank(id, name, number, color_label, created_at, updated_at) VALUES('11a54835-0304-494b-9218-d67e2caef63b', 'Bradesco', 237, '#ff0000', '2026-05-09T23:23:16.881447500Z', '2026-05-09T23:23:16.881447500Z');
INSERT INTO tb_bank(id, name, number, color_label, created_at, updated_at) VALUES('80afe3df-4a00-46ae-94f5-f0680c50dfde', 'Caixa Econômica Federal', 104, '#0033a0', '2026-05-09T23:23:16.881447500Z', '2026-05-09T23:23:16.881447500Z');
INSERT INTO tb_bank(id, name, number, color_label, created_at, updated_at) VALUES('2e0f5793-c363-462b-a347-2b72124ab19e', 'Itaú', 341, '#ff6600', '2026-05-09T23:23:16.881447500Z', '2026-05-09T23:23:16.881447500Z');
INSERT INTO tb_bank(id, name, number, color_label, created_at, updated_at) VALUES('ed4b8fd3-9c95-42c5-9ea0-6077aa05c177', 'Santander', 33, '#ff0000', '2026-05-09T23:23:16.881447500Z', '2026-05-09T23:23:16.881447500Z');

INSERT INTO tb_role(id, authority) VALUES('213de8a3-96a4-4add-acaa-31760040998d', 'ROLE_USER');
INSERT INTO tb_role(id, authority) VALUES('4a093033-80d9-4518-b001-c47c72a47731', 'ROLE_ADMIN');

INSERT INTO tb_user(id, username, email, password, created_at, updated_at) VALUES('daa05cb5-a708-4c7f-b4b4-46dd972f79be', 'Mary Red', 'mary@example.com', '123456', '2026-05-09T23:23:16.881447500Z', '2026-05-09T23:23:16.881447500Z');
INSERT INTO tb_user_role(role_id, user_id) VALUES('213de8a3-96a4-4add-acaa-31760040998d', 'daa05cb5-a708-4c7f-b4b4-46dd972f79be');

INSERT INTO tb_user(id, username, email, password, created_at, updated_at) VALUES('eba2f7cf-80e8-418e-bb94-21aaf29bbd3f', 'Jhon Blue', 'jhon@example.com', '123456', '2026-05-09T23:23:16.881447500Z', '2026-05-09T23:23:16.881447500Z');
INSERT INTO tb_user_role(role_id, user_id) VALUES('213de8a3-96a4-4add-acaa-31760040998d', 'eba2f7cf-80e8-418e-bb94-21aaf29bbd3f');

INSERT INTO tb_user(id, username, email, password, created_at, updated_at) VALUES('d7c5b83d-5e21-4609-9589-afe4f3f72a12', 'Ted Brown', 'ted@example.com', '123456', '2026-05-09T23:23:16.881447500Z', '2026-05-09T23:23:16.881447500Z');
INSERT INTO tb_user_role(role_id, user_id) VALUES('213de8a3-96a4-4add-acaa-31760040998d', 'd7c5b83d-5e21-4609-9589-afe4f3f72a12');
INSERT INTO tb_user_role(role_id, user_id) VALUES('4a093033-80d9-4518-b001-c47c72a47731', 'd7c5b83d-5e21-4609-9589-afe4f3f72a12');

INSERT INTO tb_notification(id, subject, message, date_time, read_at, user_id, created_at, updated_at) VALUES('14acee2a-a4ad-4a7e-84d3-395f64f2ac00', 'Welcome', 'Welcome to the application. We are glad having you here', '2026-05-09T20:23:16.882606800', null, 'daa05cb5-a708-4c7f-b4b4-46dd972f79be', '2026-05-09T23:23:16.891450400Z', '2026-05-09T23:23:16.891450400Z');
INSERT INTO tb_notification(id, subject, message, date_time, read_at, user_id, created_at, updated_at) VALUES('4600aea6-762e-479e-b7b7-c3ef415291f1', 'Welcome', 'Welcome to the application. We are glad having you here', '2026-05-09T20:23:16.882606800', null, 'eba2f7cf-80e8-418e-bb94-21aaf29bbd3f', '2026-05-09T23:23:16.891450400Z', '2026-05-09T23:23:16.891450400Z');
INSERT INTO tb_notification(id, subject, message, date_time, read_at, user_id, created_at, updated_at) VALUES('07e04f23-02d5-4032-974d-016fbb278080', 'Welcome', 'Welcome to the application. We are glad having you here', '2026-05-09T20:23:16.882606800', null, 'd7c5b83d-5e21-4609-9589-afe4f3f72a12', '2026-05-09T23:23:16.891450400Z', '2026-05-09T23:23:16.891450400Z');
INSERT INTO tb_notification(id, subject, message, date_time, read_at, user_id, created_at, updated_at) VALUES('d35652be-ca5a-46a5-a259-975da18ae44a', 'Atention', 'You have a bill to pay until tomorrow!', '2026-05-09T20:23:16.882606800', '2026-05-09T23:23:16.882606800Z', 'daa05cb5-a708-4c7f-b4b4-46dd972f79be', '2026-05-09T23:23:16.892454500Z', '2026-05-09T23:23:16.892454500Z');

INSERT INTO tb_account(id, name, agency_no, code, balance, account_limit, special_limit, limit_budget, cash, created_at, updated_at, user_id, bank_id) VALUES('c1f7d331-c3e1-49b9-b46e-e56d1173313b', 'My Account', '0001', '123456', 5000.00, 2000.00, 500.00, 2000.00, 1000.00, '2026-05-09T23:23:16.892454500Z', '2026-05-09T23:23:16.892454500Z', 'daa05cb5-a708-4c7f-b4b4-46dd972f79be', '5c16bd92-eb25-4411-98e6-f588b8e0e36c');
INSERT INTO tb_account(id, name, agency_no, code, balance, account_limit, special_limit, limit_budget, cash, created_at, updated_at, user_id, bank_id) VALUES('304371a2-0b7f-4133-8f1d-1409dddc1102', 'My Account', '0001', '123456', 5000.00, 2000.00, 500.00, 2000.00, 1000.00, '2026-05-09T23:23:16.893457700Z', '2026-05-09T23:23:16.893457700Z', 'daa05cb5-a708-4c7f-b4b4-46dd972f79be', '11a54835-0304-494b-9218-d67e2caef63b');
INSERT INTO tb_account(id, name, agency_no, code, balance, account_limit, special_limit, limit_budget, cash, created_at, updated_at, user_id, bank_id) VALUES('69500bed-bbdd-4191-b4a4-f55570dfec19', 'My Account', '0001', '123456', 5000.00, 2000.00, 500.00, 2000.00, 1000.00, '2026-05-09T23:23:16.894457200Z', '2026-05-09T23:23:16.894457200Z', 'eba2f7cf-80e8-418e-bb94-21aaf29bbd3f', '80afe3df-4a00-46ae-94f5-f0680c50dfde');

INSERT INTO tb_credit_card(id, name, number, credit_card_limit, closing_day, due_day, expiration_date, is_international, created_at, updated_at, account_id) VALUES('42b55013-a7c1-4355-8e4a-f8ed5036166b', 'Test Credit Card', 1234, 5000.00, 10, 20, '2030-12', true, '2026-05-09T23:23:16.894457200Z', '2026-05-09T23:23:16.894457200Z', 'c1f7d331-c3e1-49b9-b46e-e56d1173313b');
INSERT INTO tb_credit_card(id, name, number, credit_card_limit, closing_day, due_day, expiration_date, is_international, created_at, updated_at, account_id) VALUES('3f2622c9-6521-46b6-9d19-41fb8b379394', 'Test Credit Card', 1234, 5000.00, 10, 20, '2030-12', true, '2026-05-09T23:23:16.897458900Z', '2026-05-09T23:23:16.897458900Z', '304371a2-0b7f-4133-8f1d-1409dddc1102');
INSERT INTO tb_credit_card(id, name, number, credit_card_limit, closing_day, due_day, expiration_date, is_international, created_at, updated_at, account_id) VALUES('aeb7b6a2-78c3-416a-b65c-c8942bf95580', 'Test Credit Card', 1234, 5000.00, 10, 20, '2030-12', true, '2026-05-09T23:23:16.898458200Z', '2026-05-09T23:23:16.898458200Z', '69500bed-bbdd-4191-b4a4-f55570dfec19');

INSERT INTO tb_credit_card_bill(id, due_date, closing_date, amount, paid_date, amount_payed, status, credit_card_id, created_at, updated_at) VALUES('6b90a6f5-9f15-4c66-bb53-6c7404baa03c', '2026-05-19', '2026-05-09', 500.00, null, 0, 'OPEN', '42b55013-a7c1-4355-8e4a-f8ed5036166b', '2026-05-09T23:23:16.899457600Z', '2026-05-09T23:23:16.899457600Z');
INSERT INTO tb_credit_card_bill(id, due_date, closing_date, amount, paid_date, amount_payed, status, credit_card_id, created_at, updated_at) VALUES('07d30c7f-5549-4832-9b06-b3680c6f08a3', '2026-04-19', '2026-04-09', 500.00, '2026-04-19', 500.00, 'PAYED', '3f2622c9-6521-46b6-9d19-41fb8b379394', '2026-05-09T23:23:16.900457300Z', '2026-05-09T23:23:16.900457300Z');
INSERT INTO tb_credit_card_bill(id, due_date, closing_date, amount, paid_date, amount_payed, status, credit_card_id, created_at, updated_at) VALUES('2279e1e2-2679-4a70-bff2-17a88228b361', '2026-05-19', '2026-05-09', 500.00, null, 0, 'OPEN', '3f2622c9-6521-46b6-9d19-41fb8b379394', '2026-05-09T23:23:16.900457300Z', '2026-05-09T23:23:16.900457300Z');
INSERT INTO tb_credit_card_bill(id, due_date, closing_date, amount, paid_date, amount_payed, status, credit_card_id, created_at, updated_at) VALUES('2eff4eca-b0b1-4a6f-9d60-ef1921031858', '2026-05-14', '2026-05-04', 500.00, null, 0, 'CLOSED', 'aeb7b6a2-78c3-416a-b65c-c8942bf95580', '2026-05-09T23:23:16.901458700Z', '2026-05-09T23:23:16.901458700Z');

INSERT INTO tb_transaction(id, description, amount, date, is_fixed, due_date, paid_date, in_out, number_of_installments, type, main_category, payment_method, created_at, updated_at, user_id, account_id, credit_card_bill_id) VALUES('f5d189b5-62e7-4577-b93b-df735e290d00', 'Description', 100.00, '2026-05-09', false, '2026-05-14', '2026-05-14', 'OUT', 1, 'EXPENSE', 'FOOD', 'DEBIT_CARD', '2026-05-09T23:23:16.901458700Z', '2026-05-09T23:23:16.901458700Z', 'daa05cb5-a708-4c7f-b4b4-46dd972f79be', null, null);
INSERT INTO tb_transaction(id, description, amount, date, is_fixed, due_date, paid_date, in_out, number_of_installments, type, main_category, payment_method, created_at, updated_at, user_id, account_id, credit_card_bill_id) VALUES('b27e9f82-3e5f-4bea-8062-9550f10585d8', 'Description', 100.00, '2026-05-09', false, '2026-05-19', '2026-05-19', 'OUT', 1, 'EXPENSE', 'ENTERTAINMENT', 'CREDIT_CARD', '2026-05-09T23:23:16.902672500Z', '2026-05-09T23:23:16.902672500Z', 'daa05cb5-a708-4c7f-b4b4-46dd972f79be', null, '6b90a6f5-9f15-4c66-bb53-6c7404baa03c');
INSERT INTO tb_transaction(id, description, amount, date, is_fixed, due_date, paid_date, in_out, number_of_installments, type, main_category, payment_method, created_at, updated_at, user_id, account_id, credit_card_bill_id) VALUES('6cf3291e-cb86-4e0b-852f-bb1e5606a6fd', 'Description', 100.00, '2026-05-09', false, '2026-05-14', '2026-05-14', 'OUT', 1, 'EXPENSE', 'FOOD', 'CASH', '2026-05-09T23:23:16.903671100Z', '2026-05-09T23:23:16.903671100Z', 'eba2f7cf-80e8-418e-bb94-21aaf29bbd3f', 'c1f7d331-c3e1-49b9-b46e-e56d1173313b', null);

INSERT INTO tb_installment(id, description, amount, paid_day, number, due_date, created_at, updated_at, transaction_id) VALUES('8d0554ed-224e-4444-80b2-8c71eb96e970', 'Test Installment', 100.00, '2026-05-19', 1, '2026-05-14', '2026-05-09T23:23:16.904671400Z', '2026-05-09T23:23:16.904671400Z', 'b27e9f82-3e5f-4bea-8062-9550f10585d8');

-- backup created at 2026-05-09T23:23:16.906672Z --