INSERT INTO tb_bank(id, name, number, color_label, created_at, updated_at) VALUES('e217a6a4-750a-4a58-89ab-9ceb23717220', 'Banco do Brasil', 1, '#fdb913', '2026-05-09T22:29:46.712149300Z', '2026-05-09T22:29:46.712149300Z');
INSERT INTO tb_bank(id, name, number, color_label, created_at, updated_at) VALUES('30d18834-4501-4284-976e-14ef6f03d340', 'Bradesco', 237, '#ff0000', '2026-05-09T22:29:46.712149300Z', '2026-05-09T22:29:46.712149300Z');
INSERT INTO tb_bank(id, name, number, color_label, created_at, updated_at) VALUES('347c07ed-b1ba-48d0-b2ba-d49dc7d5ef60', 'Caixa Econômica Federal', 104, '#0033a0', '2026-05-09T22:29:46.712149300Z', '2026-05-09T22:29:46.712149300Z');
INSERT INTO tb_bank(id, name, number, color_label, created_at, updated_at) VALUES('344fe019-49b4-4bd9-a16f-4aa73a53e3c5', 'Itaú', 341, '#ff6600', '2026-05-09T22:29:46.712149300Z', '2026-05-09T22:29:46.712149300Z');
INSERT INTO tb_bank(id, name, number, color_label, created_at, updated_at) VALUES('2f738c9a-3fa6-4a8d-828f-b38c6e24ff61', 'Santander', 33, '#ff0000', '2026-05-09T22:29:46.712149300Z', '2026-05-09T22:29:46.712149300Z');

INSERT INTO tb_role(id, authority) VALUES('c34035dc-c17d-42d4-9226-b9c6d3294bc1', 'ROLE_ADMIN');
INSERT INTO tb_role(id, authority) VALUES('58e53c39-63b3-4f8a-b2d2-7449be535e46', 'ROLE_USER');

INSERT INTO tb_user(id, username, email, password, created_at, updated_at) VALUES('1e9b1d0c-7457-4054-8080-8f0cb20935e3', 'Mary Red', 'mary@example.com', '123456', '2026-05-09T22:29:46.712149300Z', '2026-05-09T22:29:46.712149300Z');
INSERT INTO tb_user_role(role_id, user_id) VALUES('c34035dc-c17d-42d4-9226-b9c6d3294bc1', '1e9b1d0c-7457-4054-8080-8f0cb20935e3');

INSERT INTO tb_user(id, username, email, password, created_at, updated_at) VALUES('a6126ed4-1da2-476e-9eb1-48b5cefe0570', 'Jhon Blue', 'jhon@example.com', '123456', '2026-05-09T22:29:46.712149300Z', '2026-05-09T22:29:46.712149300Z');
INSERT INTO tb_user_role(role_id, user_id) VALUES('c34035dc-c17d-42d4-9226-b9c6d3294bc1', 'a6126ed4-1da2-476e-9eb1-48b5cefe0570');

INSERT INTO tb_user(id, username, email, password, created_at, updated_at) VALUES('1ff8640d-3cd6-496d-8c61-6db6d6479f9b', 'Ted Brown', 'ted@example.com', '123456', '2026-05-09T22:29:46.712149300Z', '2026-05-09T22:29:46.712149300Z');
INSERT INTO tb_user_role(role_id, user_id) VALUES('c34035dc-c17d-42d4-9226-b9c6d3294bc1', '1ff8640d-3cd6-496d-8c61-6db6d6479f9b');
INSERT INTO tb_user_role(role_id, user_id) VALUES('58e53c39-63b3-4f8a-b2d2-7449be535e46', '1ff8640d-3cd6-496d-8c61-6db6d6479f9b');

INSERT INTO tb_notification(id, subject, message, date_time, read_at, user_id, created_at, updated_at) VALUES('34b575c7-9ac1-404c-8241-52c000efa5da', 'Welcome', 'Welcome to the application. We are glad having you here', '2026-05-09T19:29:46.713141700', null, '1e9b1d0c-7457-4054-8080-8f0cb20935e3', '2026-05-09T22:29:46.721656700Z', '2026-05-09T22:29:46.721656700Z');
INSERT INTO tb_notification(id, subject, message, date_time, read_at, user_id, created_at, updated_at) VALUES('cbf2b976-e79c-4a41-b006-836d862fdde8', 'Welcome', 'Welcome to the application. We are glad having you here', '2026-05-09T19:29:46.713141700', null, 'a6126ed4-1da2-476e-9eb1-48b5cefe0570', '2026-05-09T22:29:46.721656700Z', '2026-05-09T22:29:46.721656700Z');
INSERT INTO tb_notification(id, subject, message, date_time, read_at, user_id, created_at, updated_at) VALUES('b2b4811d-ef7b-47e3-b5f3-ae15770edcff', 'Welcome', 'Welcome to the application. We are glad having you here', '2026-05-09T19:29:46.713141700', null, '1ff8640d-3cd6-496d-8c61-6db6d6479f9b', '2026-05-09T22:29:46.722656500Z', '2026-05-09T22:29:46.722656500Z');
INSERT INTO tb_notification(id, subject, message, date_time, read_at, user_id, created_at, updated_at) VALUES('54766c94-5453-47f2-b80f-e6e79e4527da', 'Atention', 'You have a bill to pay until tomorrow!', '2026-05-09T19:29:46.713141700', '2026-05-09T22:29:46.713141700Z', '1e9b1d0c-7457-4054-8080-8f0cb20935e3', '2026-05-09T22:29:46.722656500Z', '2026-05-09T22:29:46.722656500Z');

INSERT INTO tb_account(id, name, agency_no, code, balance, account_limit, special_limit, limit_budget, cash, created_at, updated_at, user_id, bank_id) VALUES('979b03ab-996b-4f8b-9a85-21a594778c95', 'My Account', '0001', '123456', 5000.00, 2000.00, 500.00, 2000.00, 1000.00, '2026-05-09T22:29:46.723656400Z', '2026-05-09T22:29:46.723656400Z', '1e9b1d0c-7457-4054-8080-8f0cb20935e3', 'e217a6a4-750a-4a58-89ab-9ceb23717220');
INSERT INTO tb_account(id, name, agency_no, code, balance, account_limit, special_limit, limit_budget, cash, created_at, updated_at, user_id, bank_id) VALUES('5e2e0533-abe1-4e92-908e-80dec0907041', 'My Account', '0001', '123456', 5000.00, 2000.00, 500.00, 2000.00, 1000.00, '2026-05-09T22:29:46.724655600Z', '2026-05-09T22:29:46.724655600Z', '1e9b1d0c-7457-4054-8080-8f0cb20935e3', '30d18834-4501-4284-976e-14ef6f03d340');
INSERT INTO tb_account(id, name, agency_no, code, balance, account_limit, special_limit, limit_budget, cash, created_at, updated_at, user_id, bank_id) VALUES('b459d2b1-251d-4c58-8ca2-bfceaae736db', 'My Account', '0001', '123456', 5000.00, 2000.00, 500.00, 2000.00, 1000.00, '2026-05-09T22:29:46.724655600Z', '2026-05-09T22:29:46.724655600Z', 'a6126ed4-1da2-476e-9eb1-48b5cefe0570', '347c07ed-b1ba-48d0-b2ba-d49dc7d5ef60');

INSERT INTO tb_credit_card(id, name, number, credit_card_limit, closing_day, due_day, expiration_date, is_international, created_at, updated_at, account_id) VALUES('0cf36ef6-7006-41f5-8ab5-4cc9a9f7dd00', 'Test Credit Card', 1234, 5000.00, 10, 20, 2030-12, true, '2026-05-09T22:29:46.725656500Z', '2026-05-09T22:29:46.725656500Z', '979b03ab-996b-4f8b-9a85-21a594778c95');
INSERT INTO tb_credit_card(id, name, number, credit_card_limit, closing_day, due_day, expiration_date, is_international, created_at, updated_at, account_id) VALUES('5a72fd29-7cd0-4f81-a7ac-fa8895f004b2', 'Test Credit Card', 1234, 5000.00, 10, 20, 2030-12, true, '2026-05-09T22:29:46.728703900Z', '2026-05-09T22:29:46.728703900Z', '5e2e0533-abe1-4e92-908e-80dec0907041');
INSERT INTO tb_credit_card(id, name, number, credit_card_limit, closing_day, due_day, expiration_date, is_international, created_at, updated_at, account_id) VALUES('7e6baaae-801d-439d-b377-3f4da7a25a61', 'Test Credit Card', 1234, 5000.00, 10, 20, 2030-12, true, '2026-05-09T22:29:46.729703100Z', '2026-05-09T22:29:46.729703100Z', 'b459d2b1-251d-4c58-8ca2-bfceaae736db');

INSERT INTO tb_credit_card_bill(id, due_date, closing_date, amount, paid_date, amount_payed, status, credit_card_id, created_at, updated_at) VALUES('1dc3fdfa-6fd9-4174-b143-0ab1d8c37a42', '2026-05-19', '2026-05-09', 500.00, null, 0, 'OPEN', '0cf36ef6-7006-41f5-8ab5-4cc9a9f7dd00', '2026-05-09T22:29:46.731704700Z', '2026-05-09T22:29:46.731704700Z');
INSERT INTO tb_credit_card_bill(id, due_date, closing_date, amount, paid_date, amount_payed, status, credit_card_id, created_at, updated_at) VALUES('e0fffc0e-c6ac-490a-9316-71a7f49e59c7', '2026-04-19', '2026-04-09', 500.00, '2026-04-19', 500.00, 'PAYED', '5a72fd29-7cd0-4f81-a7ac-fa8895f004b2', '2026-05-09T22:29:46.731704700Z', '2026-05-09T22:29:46.731704700Z');
INSERT INTO tb_credit_card_bill(id, due_date, closing_date, amount, paid_date, amount_payed, status, credit_card_id, created_at, updated_at) VALUES('59a1da5a-fdc1-49a2-81d8-5dbb9f8c517a', '2026-05-19', '2026-05-09', 500.00, null, 0, 'OPEN', '5a72fd29-7cd0-4f81-a7ac-fa8895f004b2', '2026-05-09T22:29:46.732704100Z', '2026-05-09T22:29:46.732704100Z');
INSERT INTO tb_credit_card_bill(id, due_date, closing_date, amount, paid_date, amount_payed, status, credit_card_id, created_at, updated_at) VALUES('e4553664-571d-48c6-986e-9342e7094fc6', '2026-05-14', '2026-05-04', 500.00, null, 0, 'CLOSED', '7e6baaae-801d-439d-b377-3f4da7a25a61', '2026-05-09T22:29:46.732704100Z', '2026-05-09T22:29:46.732704100Z');

INSERT INTO tb_transaction(id, description, amount, date, is_fixed, due_date, paid_date, in_out, number_of_installments, type, main_category, payment_method, created_at, updated_at, user_id, account_id, credit_card_bill_id) VALUES('f53e6a4e-86c3-40a4-8cb6-d79a7f72960b', 'Description', 100.00, '2026-05-09', false, '2026-05-14', '2026-05-14', 'OUT', 1, 'EXPENSE', 'FOOD', 'DEBIT_CARD', '2026-05-09T22:29:46.732704100Z', '2026-05-09T22:29:46.732704100Z', '1e9b1d0c-7457-4054-8080-8f0cb20935e3', null, null);
INSERT INTO tb_transaction(id, description, amount, date, is_fixed, due_date, paid_date, in_out, number_of_installments, type, main_category, payment_method, created_at, updated_at, user_id, account_id, credit_card_bill_id) VALUES('5f99c45b-bdc3-47f6-a0c6-5521460243f2', 'Description', 100.00, '2026-05-09', false, '2026-05-19', '2026-05-19', 'OUT', 1, 'EXPENSE', 'ENTERTAINMENT', 'CREDIT_CARD', '2026-05-09T22:29:46.733703Z', '2026-05-09T22:29:46.733703Z', '1e9b1d0c-7457-4054-8080-8f0cb20935e3', null, '1dc3fdfa-6fd9-4174-b143-0ab1d8c37a42');
INSERT INTO tb_transaction(id, description, amount, date, is_fixed, due_date, paid_date, in_out, number_of_installments, type, main_category, payment_method, created_at, updated_at, user_id, account_id, credit_card_bill_id) VALUES('bc9eb34e-e16c-4249-ba46-d01f3f5ab5f0', 'Description', 100.00, '2026-05-09', false, '2026-05-14', '2026-05-14', 'OUT', 1, 'EXPENSE', 'FOOD', 'CASH', '2026-05-09T22:29:46.734704600Z', '2026-05-09T22:29:46.734704600Z', 'a6126ed4-1da2-476e-9eb1-48b5cefe0570', '979b03ab-996b-4f8b-9a85-21a594778c95', null);

INSERT INTO tb_installment(id, description, amount, paid_day, number, due_date, created_at, updated_at, transaction_id) VALUES('3dd82d63-1045-4a88-a353-c20977128452', 'Test Installment', 100.00, '2026-05-19', 1, '2026-05-14', '2026-05-09T22:29:46.735703600Z', '2026-05-09T22:29:46.735703600Z', '5f99c45b-bdc3-47f6-a0c6-5521460243f2');

-- backup created at 2026-05-09T22:29:46.738726Z --