INSERT INTO tb_bank(id, name, number, color_label, created_at, updated_at) VALUES('89a9ce40-1f29-4eec-b7dd-a2a21d17c9ff', 'Banco do Brasil', 1, '#fdb913', '2026-05-09T20:22:34.627183900Z', '2026-05-09T20:22:34.627183900Z');
INSERT INTO tb_bank(id, name, number, color_label, created_at, updated_at) VALUES('537316e2-b1a5-48cf-8249-d16a03381155', 'Bradesco', 237, '#ff0000', '2026-05-09T20:22:34.627183900Z', '2026-05-09T20:22:34.627183900Z');
INSERT INTO tb_bank(id, name, number, color_label, created_at, updated_at) VALUES('5aa30da5-a7c5-4106-8a6a-73deeb1b0673', 'Caixa Econômica Federal', 104, '#0033a0', '2026-05-09T20:22:34.627183900Z', '2026-05-09T20:22:34.627183900Z');
INSERT INTO tb_bank(id, name, number, color_label, created_at, updated_at) VALUES('4630788a-2463-4619-b284-21ce17f23208', 'Itaú', 341, '#ff6600', '2026-05-09T20:22:34.627183900Z', '2026-05-09T20:22:34.627183900Z');
INSERT INTO tb_bank(id, name, number, color_label, created_at, updated_at) VALUES('794c8e54-40ce-4a3b-bb7c-9228c89b0f54', 'Santander', 33, '#ff0000', '2026-05-09T20:22:34.627183900Z', '2026-05-09T20:22:34.627183900Z');

INSERT INTO tb_role(id, authority) VALUES('d6cc7c7d-bf6c-467e-98fd-311534d61e43', 'ROLE_ADMIN');
INSERT INTO tb_role(id, authority) VALUES('84800ffb-bca4-4b75-be14-997499e5e891', 'ROLE_USER');

INSERT INTO tb_user(id, username, email, password, created_at, updated_at) VALUES('28723f50-b9dc-430f-b8c7-0e4490db91d5', 'Mary Red', 'mary@example.com', '123456', '2026-05-09T20:22:34.627183900Z', '2026-05-09T20:22:34.627183900Z');
INSERT INTO tb_user_role(role_id, user_id) VALUES('d6cc7c7d-bf6c-467e-98fd-311534d61e43', '28723f50-b9dc-430f-b8c7-0e4490db91d5');

INSERT INTO tb_user(id, username, email, password, created_at, updated_at) VALUES('eab492f0-7bd6-4381-9bc7-1ac39140cc17', 'Jhon Blue', 'jhon@example.com', '123456', '2026-05-09T20:22:34.627183900Z', '2026-05-09T20:22:34.627183900Z');
INSERT INTO tb_user_role(role_id, user_id) VALUES('d6cc7c7d-bf6c-467e-98fd-311534d61e43', 'eab492f0-7bd6-4381-9bc7-1ac39140cc17');

INSERT INTO tb_user(id, username, email, password, created_at, updated_at) VALUES('839c1cc7-0e78-445e-92e2-38961b4a0a33', 'Ted Brown', 'ted@example.com', '123456', '2026-05-09T20:22:34.628182300Z', '2026-05-09T20:22:34.628182300Z');
INSERT INTO tb_user_role(role_id, user_id) VALUES('d6cc7c7d-bf6c-467e-98fd-311534d61e43', '839c1cc7-0e78-445e-92e2-38961b4a0a33');
INSERT INTO tb_user_role(role_id, user_id) VALUES('84800ffb-bca4-4b75-be14-997499e5e891', '839c1cc7-0e78-445e-92e2-38961b4a0a33');

INSERT INTO tb_notification(id, subject, message, date_time, read_at, user_id, created_at, updated_at) VALUES('7d9d88b0-1993-4afa-aed6-ae79a8ecc881', 'Welcome', 'Welcome to the application. We are glad having you here', '2026-05-09T17:22:34.628182300', null, '28723f50-b9dc-430f-b8c7-0e4490db91d5', '2026-05-09T20:22:34.636690200Z', '2026-05-09T20:22:34.636690200Z');
INSERT INTO tb_notification(id, subject, message, date_time, read_at, user_id, created_at, updated_at) VALUES('ba75e10b-ffeb-4a18-acd1-608fad418f87', 'Welcome', 'Welcome to the application. We are glad having you here', '2026-05-09T17:22:34.628182300', null, 'eab492f0-7bd6-4381-9bc7-1ac39140cc17', '2026-05-09T20:22:34.637693600Z', '2026-05-09T20:22:34.637693600Z');
INSERT INTO tb_notification(id, subject, message, date_time, read_at, user_id, created_at, updated_at) VALUES('d61ddffc-4cef-4b07-9f09-5c6ac7e95818', 'Welcome', 'Welcome to the application. We are glad having you here', '2026-05-09T17:22:34.628182300', null, '839c1cc7-0e78-445e-92e2-38961b4a0a33', '2026-05-09T20:22:34.637693600Z', '2026-05-09T20:22:34.637693600Z');
INSERT INTO tb_notification(id, subject, message, date_time, read_at, user_id, created_at, updated_at) VALUES('e18341a2-5bca-441f-9907-e169d9c9b29d', 'Atention', 'You have a bill to pay until tomorrow!', '2026-05-09T17:22:34.628182300', '2026-05-09T20:22:34.628182300Z', '28723f50-b9dc-430f-b8c7-0e4490db91d5', '2026-05-09T20:22:34.637693600Z', '2026-05-09T20:22:34.637693600Z');

INSERT INTO tb_account(id, name, agency_no, code, balance, account_limit, special_limit, limit_budget, cash, created_at, updated_at, user_id, bank_id) VALUES('7bb6ccae-e593-4f9f-959a-266d78866001', 'My Account', '0001', '123456', 5000.00, 2000.00, 500.00, 2000.00, 1000.00, '2026-05-09T20:22:34.638693600Z', '2026-05-09T20:22:34.638693600Z', '28723f50-b9dc-430f-b8c7-0e4490db91d5', '89a9ce40-1f29-4eec-b7dd-a2a21d17c9ff');
INSERT INTO tb_account(id, name, agency_no, code, balance, account_limit, special_limit, limit_budget, cash, created_at, updated_at, user_id, bank_id) VALUES('736c304e-0558-464f-a017-d540cb8457ed', 'My Account', '0001', '123456', 5000.00, 2000.00, 500.00, 2000.00, 1000.00, '2026-05-09T20:22:34.639693500Z', '2026-05-09T20:22:34.639693500Z', '28723f50-b9dc-430f-b8c7-0e4490db91d5', '537316e2-b1a5-48cf-8249-d16a03381155');
INSERT INTO tb_account(id, name, agency_no, code, balance, account_limit, special_limit, limit_budget, cash, created_at, updated_at, user_id, bank_id) VALUES('540961d1-7716-4661-a2c2-d4b7fad642fc', 'My Account', '0001', '123456', 5000.00, 2000.00, 500.00, 2000.00, 1000.00, '2026-05-09T20:22:34.639693500Z', '2026-05-09T20:22:34.639693500Z', 'eab492f0-7bd6-4381-9bc7-1ac39140cc17', '5aa30da5-a7c5-4106-8a6a-73deeb1b0673');

INSERT INTO tb_credit_card(id, name, number, credit_card_limit, closing_day, due_day, expiration_date, is_international, created_at, updated_at, account_id) VALUES('d98da04c-ed5d-41a2-9ef2-fee7b9ee5560', 'Test Credit Card', 1234, 5000.00, 10, 20, 2030-12, true, '2026-05-09T20:22:34.640693200Z', '2026-05-09T20:22:34.640693200Z', '7bb6ccae-e593-4f9f-959a-266d78866001');
INSERT INTO tb_credit_card(id, name, number, credit_card_limit, closing_day, due_day, expiration_date, is_international, created_at, updated_at, account_id) VALUES('734462aa-4d47-442f-a782-632320facaa0', 'Test Credit Card', 1234, 5000.00, 10, 20, 2030-12, true, '2026-05-09T20:22:34.641693700Z', '2026-05-09T20:22:34.641693700Z', '736c304e-0558-464f-a017-d540cb8457ed');
INSERT INTO tb_credit_card(id, name, number, credit_card_limit, closing_day, due_day, expiration_date, is_international, created_at, updated_at, account_id) VALUES('9d04a95d-d649-432c-a91a-12b047ce0030', 'Test Credit Card', 1234, 5000.00, 10, 20, 2030-12, true, '2026-05-09T20:22:34.642692800Z', '2026-05-09T20:22:34.642692800Z', '540961d1-7716-4661-a2c2-d4b7fad642fc');

-- backup created at 2026-05-09T20:22:34.642692800Z --