INSERT INTO tb_bank(id, name, number, color_label, created_at, updated_at) VALUES('8edffbdb-a978-4b7a-9625-eb74bf403c9e', 'Banco do Brasil', 1, '#fdb913', '2026-05-13T14:02:56.797451500Z', '2026-05-13T14:02:56.797451500Z');
INSERT INTO tb_bank(id, name, number, color_label, created_at, updated_at) VALUES('de90f1d6-d649-481b-844a-350626ccd9a7', 'Bradesco', 237, '#ff0000', '2026-05-13T14:02:56.797451500Z', '2026-05-13T14:02:56.797451500Z');
INSERT INTO tb_bank(id, name, number, color_label, created_at, updated_at) VALUES('10e6b91f-5bf6-4179-bf48-02be38504d26', 'Caixa Econômica Federal', 104, '#0033a0', '2026-05-13T14:02:56.797451500Z', '2026-05-13T14:02:56.797451500Z');
INSERT INTO tb_bank(id, name, number, color_label, created_at, updated_at) VALUES('1fe81db7-0fc9-4982-b6d1-4bb53d642292', 'Itaú', 341, '#ff6600', '2026-05-13T14:02:56.797451500Z', '2026-05-13T14:02:56.797451500Z');
INSERT INTO tb_bank(id, name, number, color_label, created_at, updated_at) VALUES('0c31508e-0b6c-4791-88a0-870c7c405459', 'Santander', 33, '#ff0000', '2026-05-13T14:02:56.797451500Z', '2026-05-13T14:02:56.797451500Z');

INSERT INTO tb_role(id, authority) VALUES('6b4abd22-414e-4b80-a8c0-aa18aa122ead', 'ROLE_ADMIN');
INSERT INTO tb_role(id, authority) VALUES('cfcb08d5-d44d-44a6-8a87-72ac71ef4617', 'ROLE_USER');

INSERT INTO tb_user(id, username, email, password, created_at, updated_at) VALUES('8e17a4cc-1b83-41f2-9431-8b4e8c5b7b03', 'Mary Red', 'mary@example.com', '123456', '2026-05-13T14:02:56.797451500Z', '2026-05-13T14:02:56.797451500Z');
INSERT INTO tb_user_role(role_id, user_id) VALUES('6b4abd22-414e-4b80-a8c0-aa18aa122ead', '8e17a4cc-1b83-41f2-9431-8b4e8c5b7b03');

INSERT INTO tb_user(id, username, email, password, created_at, updated_at) VALUES('96ba4c0a-8c49-4576-a523-cea9116dcbf3', 'Jhon Blue', 'jhon@example.com', '123456', '2026-05-13T14:02:56.797451500Z', '2026-05-13T14:02:56.797451500Z');
INSERT INTO tb_user_role(role_id, user_id) VALUES('6b4abd22-414e-4b80-a8c0-aa18aa122ead', '96ba4c0a-8c49-4576-a523-cea9116dcbf3');

INSERT INTO tb_user(id, username, email, password, created_at, updated_at) VALUES('994194ad-5f98-4488-b9a8-f709869c0618', 'Ted Brown', 'ted@example.com', '123456', '2026-05-13T14:02:56.797451500Z', '2026-05-13T14:02:56.797451500Z');
INSERT INTO tb_user_role(role_id, user_id) VALUES('6b4abd22-414e-4b80-a8c0-aa18aa122ead', '994194ad-5f98-4488-b9a8-f709869c0618');
INSERT INTO tb_user_role(role_id, user_id) VALUES('cfcb08d5-d44d-44a6-8a87-72ac71ef4617', '994194ad-5f98-4488-b9a8-f709869c0618');

INSERT INTO tb_notification(id, subject, message, date_time, read_at, user_id, created_at, updated_at) VALUES('154743f0-f9a8-4cab-9f8d-03c38cd2ac4d', 'Welcome', 'Welcome to the application. We are glad having you here', '2026-05-13T11:02:56.798448', null, '8e17a4cc-1b83-41f2-9431-8b4e8c5b7b03', '2026-05-13T14:02:56.805960400Z', '2026-05-13T14:02:56.805960400Z');
INSERT INTO tb_notification(id, subject, message, date_time, read_at, user_id, created_at, updated_at) VALUES('948db1d5-ccea-483e-8f9e-0ec50bc56093', 'Welcome', 'Welcome to the application. We are glad having you here', '2026-05-13T11:02:56.798448', null, '96ba4c0a-8c49-4576-a523-cea9116dcbf3', '2026-05-13T14:02:56.806960700Z', '2026-05-13T14:02:56.806960700Z');
INSERT INTO tb_notification(id, subject, message, date_time, read_at, user_id, created_at, updated_at) VALUES('1dfbedc0-8de5-4235-9602-36d7322e70a8', 'Welcome', 'Welcome to the application. We are glad having you here', '2026-05-13T11:02:56.798448', null, '994194ad-5f98-4488-b9a8-f709869c0618', '2026-05-13T14:02:56.806960700Z', '2026-05-13T14:02:56.806960700Z');
INSERT INTO tb_notification(id, subject, message, date_time, read_at, user_id, created_at, updated_at) VALUES('9c4ad828-4a6f-4678-b694-0b9437d2df23', 'Atention', 'You have a bill to pay until tomorrow!', '2026-05-13T11:02:56.798448', '2026-05-13T14:02:56.798448Z', '8e17a4cc-1b83-41f2-9431-8b4e8c5b7b03', '2026-05-13T14:02:56.806960700Z', '2026-05-13T14:02:56.806960700Z');

INSERT INTO tb_account(id, name, agency_no, code, balance, account_limit, special_limit, limit_budget, cash, created_at, updated_at, user_id, bank_id) VALUES('1a1339f8-2581-49bb-ae1e-a1f910a4636c', 'My Account', '0001', '123456', 5000.00, 2000.00, 500.00, 2000.00, 1000.00, '2026-05-13T14:02:56.807960500Z', '2026-05-13T14:02:56.807960500Z', '8e17a4cc-1b83-41f2-9431-8b4e8c5b7b03', '8edffbdb-a978-4b7a-9625-eb74bf403c9e');
INSERT INTO tb_account(id, name, agency_no, code, balance, account_limit, special_limit, limit_budget, cash, created_at, updated_at, user_id, bank_id) VALUES('c1603fb7-34d9-4ac8-8f1f-75d3584770ff', 'My Account', '0001', '123456', 5000.00, 2000.00, 500.00, 2000.00, 1000.00, '2026-05-13T14:02:56.808959800Z', '2026-05-13T14:02:56.808959800Z', '8e17a4cc-1b83-41f2-9431-8b4e8c5b7b03', 'de90f1d6-d649-481b-844a-350626ccd9a7');
INSERT INTO tb_account(id, name, agency_no, code, balance, account_limit, special_limit, limit_budget, cash, created_at, updated_at, user_id, bank_id) VALUES('703971ad-2297-4784-ba42-f7554a303fe0', 'My Account', '0001', '123456', 5000.00, 2000.00, 500.00, 2000.00, 1000.00, '2026-05-13T14:02:56.808959800Z', '2026-05-13T14:02:56.808959800Z', '96ba4c0a-8c49-4576-a523-cea9116dcbf3', '10e6b91f-5bf6-4179-bf48-02be38504d26');

INSERT INTO tb_credit_card(id, name, number, credit_card_limit, closing_day, due_day, expiration_date, is_international, created_at, updated_at, account_id) VALUES('9f9bd152-66ad-4557-b034-9b264e6cd66a', 'Test Credit Card', 1234, 5000.00, 10, 20, '2030-12', true, '2026-05-13T14:02:56.809961Z', '2026-05-13T14:02:56.809961Z', '1a1339f8-2581-49bb-ae1e-a1f910a4636c');
INSERT INTO tb_credit_card(id, name, number, credit_card_limit, closing_day, due_day, expiration_date, is_international, created_at, updated_at, account_id) VALUES('ca620e12-b472-4b06-ae25-e1398ade3cda', 'Test Credit Card', 1234, 5000.00, 10, 20, '2030-12', true, '2026-05-13T14:02:56.811960700Z', '2026-05-13T14:02:56.811960700Z', 'c1603fb7-34d9-4ac8-8f1f-75d3584770ff');
INSERT INTO tb_credit_card(id, name, number, credit_card_limit, closing_day, due_day, expiration_date, is_international, created_at, updated_at, account_id) VALUES('33fa1665-dfa6-4845-8094-627a69e74ae2', 'Test Credit Card', 1234, 5000.00, 10, 20, '2030-12', true, '2026-05-13T14:02:56.813249500Z', '2026-05-13T14:02:56.813249500Z', '703971ad-2297-4784-ba42-f7554a303fe0');

INSERT INTO tb_credit_card_bill(id, due_date, closing_date, amount, paid_date, amount_payed, status, credit_card_id, created_at, updated_at) VALUES('1921df83-28e6-4dae-a0fc-723985922650', '2026-05-23', '2026-05-13', 500.00, null, 0, 'OPEN', '9f9bd152-66ad-4557-b034-9b264e6cd66a', '2026-05-13T14:02:56.814249800Z', '2026-05-13T14:02:56.815248500Z');
INSERT INTO tb_credit_card_bill(id, due_date, closing_date, amount, paid_date, amount_payed, status, credit_card_id, created_at, updated_at) VALUES('c9cc2673-7d26-4d86-aecf-c609637964de', '2026-04-23', '2026-04-13', 500.00, '2026-04-23', 500.00, 'PAYED', 'ca620e12-b472-4b06-ae25-e1398ade3cda', '2026-05-13T14:02:56.815248500Z', '2026-05-13T14:02:56.815248500Z');
INSERT INTO tb_credit_card_bill(id, due_date, closing_date, amount, paid_date, amount_payed, status, credit_card_id, created_at, updated_at) VALUES('b0903876-203c-4baa-9cee-31cedd05605e', '2026-05-23', '2026-05-13', 500.00, null, 0, 'OPEN', 'ca620e12-b472-4b06-ae25-e1398ade3cda', '2026-05-13T14:02:56.816249900Z', '2026-05-13T14:02:56.816249900Z');
INSERT INTO tb_credit_card_bill(id, due_date, closing_date, amount, paid_date, amount_payed, status, credit_card_id, created_at, updated_at) VALUES('1ef82b3e-5705-4346-bb95-154b541f8c44', '2026-05-18', '2026-05-08', 500.00, null, 0, 'CLOSED', '33fa1665-dfa6-4845-8094-627a69e74ae2', '2026-05-13T14:02:56.816249900Z', '2026-05-13T14:02:56.816249900Z');

INSERT INTO tb_transaction(id, description, amount, date, is_fixed, due_date, paid_date, in_out, number_of_installments, type, main_category, payment_method, created_at, updated_at, user_id, account_id, credit_card_bill_id) VALUES('7ced769c-fea6-49a7-b505-20f126898be8', 'Description', 100.00, '2026-05-13', false, '2026-05-18', '2026-05-18', 'OUT', 2, 'EXPENSE', 'FOOD', 'DEBIT_CARD', '2026-05-13T14:02:56.817250800Z', '2026-05-13T14:02:56.817250800Z', '8e17a4cc-1b83-41f2-9431-8b4e8c5b7b03', null, null);
INSERT INTO tb_transaction(id, description, amount, date, is_fixed, due_date, paid_date, in_out, number_of_installments, type, main_category, payment_method, created_at, updated_at, user_id, account_id, credit_card_bill_id) VALUES('1abcc38a-2786-4a5a-adbd-f691459b47c5', 'Description', 100.00, '2026-05-13', false, '2026-05-23', '2026-05-23', 'OUT', 1, 'EXPENSE', 'ENTERTAINMENT', 'CREDIT_CARD', '2026-05-13T14:02:56.817250800Z', '2026-05-13T14:02:56.817250800Z', '8e17a4cc-1b83-41f2-9431-8b4e8c5b7b03', null, '1921df83-28e6-4dae-a0fc-723985922650');
INSERT INTO tb_transaction(id, description, amount, date, is_fixed, due_date, paid_date, in_out, number_of_installments, type, main_category, payment_method, created_at, updated_at, user_id, account_id, credit_card_bill_id) VALUES('3e60a3d5-9562-4eb1-b6ba-7b98d2ad80e0', 'Description', 100.00, '2026-05-13', false, '2026-05-18', '2026-05-18', 'OUT', 1, 'EXPENSE', 'FOOD', 'CASH', '2026-05-13T14:02:56.819249200Z', '2026-05-13T14:02:56.819249200Z', '96ba4c0a-8c49-4576-a523-cea9116dcbf3', '1a1339f8-2581-49bb-ae1e-a1f910a4636c', null);

INSERT INTO tb_installment(id, description, amount, paid_day, number, due_date, created_at, updated_at, transaction_id) VALUES('8ef2baf7-7a79-4109-9226-293bcedaa8ea', 'Test Installment', 100.00, '2026-05-23', 1, '2026-05-18', '2026-05-13T14:02:56.819249200Z', '2026-05-13T14:02:56.819249200Z', '1abcc38a-2786-4a5a-adbd-f691459b47c5');

-- backup created at 2026-05-13T14:02:56.822249200Z --