INSERT INTO tb_bank(id, name, number, color_label, created_at, updated_at) VALUES('a51e9641-07cf-4e5e-bc62-e8c30db0bc5a', 'Banco do Brasil', 1, '#fdb913', '2026-05-11T12:14:28.047912200Z', '2026-05-11T12:14:28.047912200Z');
INSERT INTO tb_bank(id, name, number, color_label, created_at, updated_at) VALUES('5909899f-97e9-4a1a-9abf-8ad97cacc291', 'Bradesco', 237, '#ff0000', '2026-05-11T12:14:28.047912200Z', '2026-05-11T12:14:28.047912200Z');
INSERT INTO tb_bank(id, name, number, color_label, created_at, updated_at) VALUES('434bb969-5d9c-4b84-be98-2de1d02d3593', 'Caixa Econômica Federal', 104, '#0033a0', '2026-05-11T12:14:28.047912200Z', '2026-05-11T12:14:28.047912200Z');
INSERT INTO tb_bank(id, name, number, color_label, created_at, updated_at) VALUES('972e26da-59e4-47cd-bbe9-0c5934dd2d35', 'Itaú', 341, '#ff6600', '2026-05-11T12:14:28.047912200Z', '2026-05-11T12:14:28.047912200Z');
INSERT INTO tb_bank(id, name, number, color_label, created_at, updated_at) VALUES('90fedf41-5969-4600-9a03-ee34d33ca6ea', 'Santander', 33, '#ff0000', '2026-05-11T12:14:28.047912200Z', '2026-05-11T12:14:28.047912200Z');

INSERT INTO tb_role(id, authority) VALUES('16ade94d-8701-4e80-b3bf-532f91a89fbd', 'ROLE_USER');
INSERT INTO tb_role(id, authority) VALUES('4b1939af-0e40-4ab9-8b2e-fa8af5df8387', 'ROLE_ADMIN');

INSERT INTO tb_user(id, username, email, password, created_at, updated_at) VALUES('15b8b762-4c3e-416d-a6f7-c2e5964823f1', 'Mary Red', 'mary@example.com', '123456', '2026-05-11T12:14:28.047912200Z', '2026-05-11T12:14:28.047912200Z');
INSERT INTO tb_user_role(role_id, user_id) VALUES('16ade94d-8701-4e80-b3bf-532f91a89fbd', '15b8b762-4c3e-416d-a6f7-c2e5964823f1');

INSERT INTO tb_user(id, username, email, password, created_at, updated_at) VALUES('ae0cd64c-06d2-4092-9a4c-0e5bb37a58c3', 'Jhon Blue', 'jhon@example.com', '123456', '2026-05-11T12:14:28.047912200Z', '2026-05-11T12:14:28.047912200Z');
INSERT INTO tb_user_role(role_id, user_id) VALUES('16ade94d-8701-4e80-b3bf-532f91a89fbd', 'ae0cd64c-06d2-4092-9a4c-0e5bb37a58c3');

INSERT INTO tb_user(id, username, email, password, created_at, updated_at) VALUES('2ab1962a-7fef-484e-9c69-8af309e040ad', 'Ted Brown', 'ted@example.com', '123456', '2026-05-11T12:14:28.047912200Z', '2026-05-11T12:14:28.047912200Z');
INSERT INTO tb_user_role(role_id, user_id) VALUES('16ade94d-8701-4e80-b3bf-532f91a89fbd', '2ab1962a-7fef-484e-9c69-8af309e040ad');
INSERT INTO tb_user_role(role_id, user_id) VALUES('4b1939af-0e40-4ab9-8b2e-fa8af5df8387', '2ab1962a-7fef-484e-9c69-8af309e040ad');

INSERT INTO tb_notification(id, subject, message, date_time, read_at, user_id, created_at, updated_at) VALUES('2f59e545-8685-4430-92b2-31a577ba9c93', 'Welcome', 'Welcome to the application. We are glad having you here', '2026-05-11T09:14:28.047912200', null, '15b8b762-4c3e-416d-a6f7-c2e5964823f1', '2026-05-11T12:14:28.055910Z', '2026-05-11T12:14:28.055910Z');
INSERT INTO tb_notification(id, subject, message, date_time, read_at, user_id, created_at, updated_at) VALUES('84228947-4630-467e-a220-0e8a0d1afe9b', 'Welcome', 'Welcome to the application. We are glad having you here', '2026-05-11T09:14:28.047912200', null, 'ae0cd64c-06d2-4092-9a4c-0e5bb37a58c3', '2026-05-11T12:14:28.055910Z', '2026-05-11T12:14:28.055910Z');
INSERT INTO tb_notification(id, subject, message, date_time, read_at, user_id, created_at, updated_at) VALUES('90089826-6c9f-48e9-bb63-7c4fb8c1bb1a', 'Welcome', 'Welcome to the application. We are glad having you here', '2026-05-11T09:14:28.047912200', null, '2ab1962a-7fef-484e-9c69-8af309e040ad', '2026-05-11T12:14:28.057414Z', '2026-05-11T12:14:28.057414Z');
INSERT INTO tb_notification(id, subject, message, date_time, read_at, user_id, created_at, updated_at) VALUES('aff33407-86b2-468a-b059-d1b51e44bdc8', 'Atention', 'You have a bill to pay until tomorrow!', '2026-05-11T09:14:28.047912200', '2026-05-11T12:14:28.047912200Z', '15b8b762-4c3e-416d-a6f7-c2e5964823f1', '2026-05-11T12:14:28.057414Z', '2026-05-11T12:14:28.057414Z');

INSERT INTO tb_account(id, name, agency_no, code, balance, account_limit, special_limit, limit_budget, cash, created_at, updated_at, user_id, bank_id) VALUES('33dd4340-a23d-4b36-b7e7-d50929d2e4bd', 'My Account', '0001', '123456', 5000.00, 2000.00, 500.00, 2000.00, 1000.00, '2026-05-11T12:14:28.057414Z', '2026-05-11T12:14:28.057414Z', '15b8b762-4c3e-416d-a6f7-c2e5964823f1', 'a51e9641-07cf-4e5e-bc62-e8c30db0bc5a');
INSERT INTO tb_account(id, name, agency_no, code, balance, account_limit, special_limit, limit_budget, cash, created_at, updated_at, user_id, bank_id) VALUES('d2530c3a-cd83-4616-8dbf-e603b0b13a8f', 'My Account', '0001', '123456', 5000.00, 2000.00, 500.00, 2000.00, 1000.00, '2026-05-11T12:14:28.058898300Z', '2026-05-11T12:14:28.058898300Z', '15b8b762-4c3e-416d-a6f7-c2e5964823f1', '5909899f-97e9-4a1a-9abf-8ad97cacc291');
INSERT INTO tb_account(id, name, agency_no, code, balance, account_limit, special_limit, limit_budget, cash, created_at, updated_at, user_id, bank_id) VALUES('e2f0f1d3-2036-48a1-a79d-855e6f2072a5', 'My Account', '0001', '123456', 5000.00, 2000.00, 500.00, 2000.00, 1000.00, '2026-05-11T12:14:28.058898300Z', '2026-05-11T12:14:28.059904500Z', 'ae0cd64c-06d2-4092-9a4c-0e5bb37a58c3', '434bb969-5d9c-4b84-be98-2de1d02d3593');

INSERT INTO tb_credit_card(id, name, number, credit_card_limit, closing_day, due_day, expiration_date, is_international, created_at, updated_at, account_id) VALUES('86969db2-d0e1-46f6-9c7d-888ab9954dc5', 'Test Credit Card', 1234, 5000.00, 10, 20, '2030-12', true, '2026-05-11T12:14:28.059904500Z', '2026-05-11T12:14:28.059904500Z', '33dd4340-a23d-4b36-b7e7-d50929d2e4bd');
INSERT INTO tb_credit_card(id, name, number, credit_card_limit, closing_day, due_day, expiration_date, is_international, created_at, updated_at, account_id) VALUES('8f7404c3-2aac-4433-979c-711206ed530f', 'Test Credit Card', 1234, 5000.00, 10, 20, '2030-12', true, '2026-05-11T12:14:28.062947200Z', '2026-05-11T12:14:28.062947200Z', 'd2530c3a-cd83-4616-8dbf-e603b0b13a8f');
INSERT INTO tb_credit_card(id, name, number, credit_card_limit, closing_day, due_day, expiration_date, is_international, created_at, updated_at, account_id) VALUES('658dd1b2-ec36-4fc4-90b9-a24400ec9e5f', 'Test Credit Card', 1234, 5000.00, 10, 20, '2030-12', true, '2026-05-11T12:14:28.063946700Z', '2026-05-11T12:14:28.063946700Z', 'e2f0f1d3-2036-48a1-a79d-855e6f2072a5');

INSERT INTO tb_credit_card_bill(id, due_date, closing_date, amount, paid_date, amount_payed, status, credit_card_id, created_at, updated_at) VALUES('8e775988-e972-4c0c-afeb-6dc0e4982b62', '2026-05-21', '2026-05-11', 500.00, null, 0, 'OPEN', '86969db2-d0e1-46f6-9c7d-888ab9954dc5', '2026-05-11T12:14:28.064947400Z', '2026-05-11T12:14:28.064947400Z');
INSERT INTO tb_credit_card_bill(id, due_date, closing_date, amount, paid_date, amount_payed, status, credit_card_id, created_at, updated_at) VALUES('54e5859d-b74d-401c-a429-5858a5a14fed', '2026-04-21', '2026-04-11', 500.00, '2026-04-21', 500.00, 'PAYED', '8f7404c3-2aac-4433-979c-711206ed530f', '2026-05-11T12:14:28.065946900Z', '2026-05-11T12:14:28.065946900Z');
INSERT INTO tb_credit_card_bill(id, due_date, closing_date, amount, paid_date, amount_payed, status, credit_card_id, created_at, updated_at) VALUES('d7d3de78-7f3f-457c-a685-f571667668cd', '2026-05-21', '2026-05-11', 500.00, null, 0, 'OPEN', '8f7404c3-2aac-4433-979c-711206ed530f', '2026-05-11T12:14:28.065946900Z', '2026-05-11T12:14:28.065946900Z');
INSERT INTO tb_credit_card_bill(id, due_date, closing_date, amount, paid_date, amount_payed, status, credit_card_id, created_at, updated_at) VALUES('52c4abe4-4829-4abf-85ae-f1aeb1627d35', '2026-05-16', '2026-05-06', 500.00, null, 0, 'CLOSED', '658dd1b2-ec36-4fc4-90b9-a24400ec9e5f', '2026-05-11T12:14:28.065946900Z', '2026-05-11T12:14:28.065946900Z');

INSERT INTO tb_transaction(id, description, amount, date, is_fixed, due_date, paid_date, in_out, number_of_installments, type, main_category, payment_method, created_at, updated_at, user_id, account_id, credit_card_bill_id) VALUES('d8ab272e-9ade-42b3-83b6-ae7bd2c4b861', 'Description', 100.00, '2026-05-11', false, '2026-05-16', '2026-05-16', 'OUT', 1, 'EXPENSE', 'FOOD', 'DEBIT_CARD', '2026-05-11T12:14:28.067451500Z', '2026-05-11T12:14:28.067451500Z', '15b8b762-4c3e-416d-a6f7-c2e5964823f1', null, null);
INSERT INTO tb_transaction(id, description, amount, date, is_fixed, due_date, paid_date, in_out, number_of_installments, type, main_category, payment_method, created_at, updated_at, user_id, account_id, credit_card_bill_id) VALUES('c12b2bd3-75b6-425e-afe0-39c329c30931', 'Description', 100.00, '2026-05-11', false, '2026-05-21', '2026-05-21', 'OUT', 1, 'EXPENSE', 'ENTERTAINMENT', 'CREDIT_CARD', '2026-05-11T12:14:28.067451500Z', '2026-05-11T12:14:28.067451500Z', '15b8b762-4c3e-416d-a6f7-c2e5964823f1', null, '8e775988-e972-4c0c-afeb-6dc0e4982b62');
INSERT INTO tb_transaction(id, description, amount, date, is_fixed, due_date, paid_date, in_out, number_of_installments, type, main_category, payment_method, created_at, updated_at, user_id, account_id, credit_card_bill_id) VALUES('ee5dcbb9-ac80-4ee8-8970-3ec0de0afaf0', 'Description', 100.00, '2026-05-11', false, '2026-05-16', '2026-05-16', 'OUT', 1, 'EXPENSE', 'FOOD', 'CASH', '2026-05-11T12:14:28.069457400Z', '2026-05-11T12:14:28.069457400Z', 'ae0cd64c-06d2-4092-9a4c-0e5bb37a58c3', '33dd4340-a23d-4b36-b7e7-d50929d2e4bd', null);

INSERT INTO tb_installment(id, description, amount, paid_day, number, due_date, created_at, updated_at, transaction_id) VALUES('43dcadb1-2b3a-4db1-984a-92f6f420521c', 'Test Installment', 100.00, '2026-05-21', 1, '2026-05-16', '2026-05-11T12:14:28.069457400Z', '2026-05-11T12:14:28.069457400Z', 'c12b2bd3-75b6-425e-afe0-39c329c30931');

-- backup created at 2026-05-11T12:14:28.072461200Z --