INSERT INTO tb_bank(id, name, number, color_label, created_at, updated_at) VALUES('8ed025f5-5b03-4817-b844-027c12aa05c5', 'Banco do Brasil', 1, '#fdb913', '2026-05-09T21:41:59.249199200Z', '2026-05-09T21:41:59.249199200Z');
INSERT INTO tb_bank(id, name, number, color_label, created_at, updated_at) VALUES('349d9f0f-1d88-4623-8669-b21a989f5d49', 'Bradesco', 237, '#ff0000', '2026-05-09T21:41:59.249199200Z', '2026-05-09T21:41:59.249199200Z');
INSERT INTO tb_bank(id, name, number, color_label, created_at, updated_at) VALUES('a287bb6c-3785-4952-b486-502383b9a28c', 'Caixa Econômica Federal', 104, '#0033a0', '2026-05-09T21:41:59.249199200Z', '2026-05-09T21:41:59.249199200Z');
INSERT INTO tb_bank(id, name, number, color_label, created_at, updated_at) VALUES('f4c21426-7f35-44fc-8cfe-20c8b99e9685', 'Itaú', 341, '#ff6600', '2026-05-09T21:41:59.249199200Z', '2026-05-09T21:41:59.249199200Z');
INSERT INTO tb_bank(id, name, number, color_label, created_at, updated_at) VALUES('0b57f9ce-0ee7-41b2-80f5-d09344e89bf0', 'Santander', 33, '#ff0000', '2026-05-09T21:41:59.249199200Z', '2026-05-09T21:41:59.249199200Z');

INSERT INTO tb_role(id, authority) VALUES('678780a2-34c7-402d-81c9-aea4b7848053', 'ROLE_ADMIN');
INSERT INTO tb_role(id, authority) VALUES('87ccd929-e3fe-418c-817c-4bc2e0bd36ef', 'ROLE_USER');

INSERT INTO tb_user(id, username, email, password, created_at, updated_at) VALUES('8abb1b7b-6c54-4d0d-87a7-89a865c8e899', 'Mary Red', 'mary@example.com', '123456', '2026-05-09T21:41:59.249199200Z', '2026-05-09T21:41:59.249199200Z');
INSERT INTO tb_user_role(role_id, user_id) VALUES('678780a2-34c7-402d-81c9-aea4b7848053', '8abb1b7b-6c54-4d0d-87a7-89a865c8e899');

INSERT INTO tb_user(id, username, email, password, created_at, updated_at) VALUES('de25103d-00b4-4c81-92fb-cf091eb075a4', 'Jhon Blue', 'jhon@example.com', '123456', '2026-05-09T21:41:59.249199200Z', '2026-05-09T21:41:59.249199200Z');
INSERT INTO tb_user_role(role_id, user_id) VALUES('678780a2-34c7-402d-81c9-aea4b7848053', 'de25103d-00b4-4c81-92fb-cf091eb075a4');

INSERT INTO tb_user(id, username, email, password, created_at, updated_at) VALUES('f66088e2-f8c3-4173-9c06-8b992dad14b8', 'Ted Brown', 'ted@example.com', '123456', '2026-05-09T21:41:59.249199200Z', '2026-05-09T21:41:59.249199200Z');
INSERT INTO tb_user_role(role_id, user_id) VALUES('678780a2-34c7-402d-81c9-aea4b7848053', 'f66088e2-f8c3-4173-9c06-8b992dad14b8');
INSERT INTO tb_user_role(role_id, user_id) VALUES('87ccd929-e3fe-418c-817c-4bc2e0bd36ef', 'f66088e2-f8c3-4173-9c06-8b992dad14b8');

INSERT INTO tb_notification(id, subject, message, date_time, read_at, user_id, created_at, updated_at) VALUES('82af95ef-83a4-4dab-80ff-cb34794b223c', 'Welcome', 'Welcome to the application. We are glad having you here', '2026-05-09T18:41:59.249199200', null, '8abb1b7b-6c54-4d0d-87a7-89a865c8e899', '2026-05-09T21:41:59.257610900Z', '2026-05-09T21:41:59.257610900Z');
INSERT INTO tb_notification(id, subject, message, date_time, read_at, user_id, created_at, updated_at) VALUES('f1f1d8e9-f015-4dd9-adc4-60bc62b8949e', 'Welcome', 'Welcome to the application. We are glad having you here', '2026-05-09T18:41:59.249199200', null, 'de25103d-00b4-4c81-92fb-cf091eb075a4', '2026-05-09T21:41:59.258610600Z', '2026-05-09T21:41:59.258610600Z');
INSERT INTO tb_notification(id, subject, message, date_time, read_at, user_id, created_at, updated_at) VALUES('6f118a7f-237b-4530-9aac-c8eea0ef0870', 'Welcome', 'Welcome to the application. We are glad having you here', '2026-05-09T18:41:59.249199200', null, 'f66088e2-f8c3-4173-9c06-8b992dad14b8', '2026-05-09T21:41:59.258610600Z', '2026-05-09T21:41:59.258610600Z');
INSERT INTO tb_notification(id, subject, message, date_time, read_at, user_id, created_at, updated_at) VALUES('f96ed56c-8099-4a9a-b200-f054c84f6490', 'Atention', 'You have a bill to pay until tomorrow!', '2026-05-09T18:41:59.249199200', '2026-05-09T21:41:59.249199200Z', '8abb1b7b-6c54-4d0d-87a7-89a865c8e899', '2026-05-09T21:41:59.259610500Z', '2026-05-09T21:41:59.259610500Z');

INSERT INTO tb_account(id, name, agency_no, code, balance, account_limit, special_limit, limit_budget, cash, created_at, updated_at, user_id, bank_id) VALUES('064c79ab-e87c-40f1-a8ff-65c10342116c', 'My Account', '0001', '123456', 5000.00, 2000.00, 500.00, 2000.00, 1000.00, '2026-05-09T21:41:59.260610Z', '2026-05-09T21:41:59.260610Z', '8abb1b7b-6c54-4d0d-87a7-89a865c8e899', '8ed025f5-5b03-4817-b844-027c12aa05c5');
INSERT INTO tb_account(id, name, agency_no, code, balance, account_limit, special_limit, limit_budget, cash, created_at, updated_at, user_id, bank_id) VALUES('cfa38b6b-6e8a-4895-a05f-25dccee52fa4', 'My Account', '0001', '123456', 5000.00, 2000.00, 500.00, 2000.00, 1000.00, '2026-05-09T21:41:59.260610Z', '2026-05-09T21:41:59.260610Z', '8abb1b7b-6c54-4d0d-87a7-89a865c8e899', '349d9f0f-1d88-4623-8669-b21a989f5d49');
INSERT INTO tb_account(id, name, agency_no, code, balance, account_limit, special_limit, limit_budget, cash, created_at, updated_at, user_id, bank_id) VALUES('aa019b28-e30d-4eeb-b148-d7ff1f8d9ef6', 'My Account', '0001', '123456', 5000.00, 2000.00, 500.00, 2000.00, 1000.00, '2026-05-09T21:41:59.261610400Z', '2026-05-09T21:41:59.261610400Z', 'de25103d-00b4-4c81-92fb-cf091eb075a4', 'a287bb6c-3785-4952-b486-502383b9a28c');

INSERT INTO tb_credit_card(id, name, number, credit_card_limit, closing_day, due_day, expiration_date, is_international, created_at, updated_at, account_id) VALUES('77c75805-3da8-4348-960b-63bfacc66cc8', 'Test Credit Card', 1234, 5000.00, 10, 20, 2030-12, true, '2026-05-09T21:41:59.262610800Z', '2026-05-09T21:41:59.262610800Z', '064c79ab-e87c-40f1-a8ff-65c10342116c');
INSERT INTO tb_credit_card(id, name, number, credit_card_limit, closing_day, due_day, expiration_date, is_international, created_at, updated_at, account_id) VALUES('73d04c47-10b8-41c0-819c-193e5bb637c2', 'Test Credit Card', 1234, 5000.00, 10, 20, 2030-12, true, '2026-05-09T21:41:59.266122100Z', '2026-05-09T21:41:59.266122100Z', 'cfa38b6b-6e8a-4895-a05f-25dccee52fa4');
INSERT INTO tb_credit_card(id, name, number, credit_card_limit, closing_day, due_day, expiration_date, is_international, created_at, updated_at, account_id) VALUES('8ce90dfd-8bcc-4c3b-8be0-ed07926a27c0', 'Test Credit Card', 1234, 5000.00, 10, 20, 2030-12, true, '2026-05-09T21:41:59.266122100Z', '2026-05-09T21:41:59.266122100Z', 'aa019b28-e30d-4eeb-b148-d7ff1f8d9ef6');

INSERT INTO tb_credit_card_bill(id, due_date, closing_date, amount, paid_date, amount_payed, status, credit_card_id, created_at, updated_at) VALUES('7f0b693a-4970-4e95-8dc1-5abe7bed2cef', '2026-05-19', '2026-05-09', 500.00, null, 0, 'OPEN', '77c75805-3da8-4348-960b-63bfacc66cc8', '2026-05-09T21:41:59.268129900Z', '2026-05-09T21:41:59.268129900Z');
INSERT INTO tb_credit_card_bill(id, due_date, closing_date, amount, paid_date, amount_payed, status, credit_card_id, created_at, updated_at) VALUES('3c3d201d-ec51-451c-83df-89bbc6b66f79', '2026-04-19', '2026-04-09', 500.00, '2026-04-19', 500.00, 'PAYED', '73d04c47-10b8-41c0-819c-193e5bb637c2', '2026-05-09T21:41:59.269129700Z', '2026-05-09T21:41:59.269129700Z');
INSERT INTO tb_credit_card_bill(id, due_date, closing_date, amount, paid_date, amount_payed, status, credit_card_id, created_at, updated_at) VALUES('55de6a43-c842-4f77-8895-81a99dd14c7a', '2026-05-19', '2026-05-09', 500.00, null, 0, 'OPEN', '73d04c47-10b8-41c0-819c-193e5bb637c2', '2026-05-09T21:41:59.269129700Z', '2026-05-09T21:41:59.269129700Z');
INSERT INTO tb_credit_card_bill(id, due_date, closing_date, amount, paid_date, amount_payed, status, credit_card_id, created_at, updated_at) VALUES('53c8ab57-c3f4-4f7c-a7ba-0c43b3f3c8cc', '2026-05-14', '2026-05-04', 500.00, null, 0, 'CLOSED', '8ce90dfd-8bcc-4c3b-8be0-ed07926a27c0', '2026-05-09T21:41:59.270129500Z', '2026-05-09T21:41:59.270129500Z');

INSERT INTO tb_transaction(id, description, amount, date, is_fixed, due_date, paid_date, in_out, number_of_installments, type, main_category, payment_method, created_at, updated_at, user_id, account_id, credit_card_bill_id) VALUES('dd2a087e-6dd0-4bec-8cd6-d8449eab2680', 'Description', 100.00, '2026-05-09', false, '2026-05-14', '2026-05-14', 'OUT', 1, 'EXPENSE', 'FOOD', 'DEBIT_CARD', '2026-05-09T21:41:59.270129500Z', '2026-05-09T21:41:59.270129500Z', '8abb1b7b-6c54-4d0d-87a7-89a865c8e899', null, null);
INSERT INTO tb_transaction(id, description, amount, date, is_fixed, due_date, paid_date, in_out, number_of_installments, type, main_category, payment_method, created_at, updated_at, user_id, account_id, credit_card_bill_id) VALUES('5647a88d-0fe6-47c5-ae20-6860cac90e0a', 'Description', 100.00, '2026-05-09', false, '2026-05-19', '2026-05-19', 'OUT', 1, 'EXPENSE', 'ENTERTAINMENT', 'CREDIT_CARD', '2026-05-09T21:41:59.271129900Z', '2026-05-09T21:41:59.271129900Z', '8abb1b7b-6c54-4d0d-87a7-89a865c8e899', null, '7f0b693a-4970-4e95-8dc1-5abe7bed2cef');
INSERT INTO tb_transaction(id, description, amount, date, is_fixed, due_date, paid_date, in_out, number_of_installments, type, main_category, payment_method, created_at, updated_at, user_id, account_id, credit_card_bill_id) VALUES('0a8af5d8-965f-4a66-870c-1e57b034c394', 'Description', 100.00, '2026-05-09', false, '2026-05-14', '2026-05-14', 'OUT', 1, 'EXPENSE', 'FOOD', 'CASH', '2026-05-09T21:41:59.272131600Z', '2026-05-09T21:41:59.272131600Z', 'de25103d-00b4-4c81-92fb-cf091eb075a4', '064c79ab-e87c-40f1-a8ff-65c10342116c', null);

INSERT INTO tb_installment(id, description, amount, paid_day, number, due_date, created_at, updated_at, transaction_id) VALUES('c177401a-a383-4d80-b7b6-6ea77c138c1b', 'Test Installment', 100.00, '2026-05-19', 1, '2026-05-14', '2026-05-09T21:41:59.273130400Z', '2026-05-09T21:41:59.273130400Z', '5647a88d-0fe6-47c5-ae20-6860cac90e0a');

-- backup created at 2026-05-09T21:41:59.276130500Z --